fund,option,fund_type,fossil,human_rights,env_harm,social_harm,animal,weapons,total,disclosure_pct
AMP,Future Directions Balanced,MySuper,7.51,3.26,2.51,1.15,1.29,1.08,13.48,73.51
Australian Ethical,Growth,Ethical,0.01,1.12,0.0,0.0,0.0,0.0,1.13,79.25
Australian Ethical,MySuper Balanced,MySuper,0.01,0.95,0.0,0.0,0.0,0.0,0.96,76.23
Australian Retirement Trust,Socially Conscious Balanced,Ethical,0.46,0.43,0.22,0.0,0.67,0.0,1.56,55.82
Australian Retirement Trust,MySuper Lifecycle (under 50),MySuper,6.06,1.95,2.9,1.16,1.1,0.8,10.19,59.97
AustralianSuper,Socially Aware,Ethical,2.25,2.43,0.84,0.47,1.62,1.08,7.49,64.44
AustralianSuper,MySuper Balanced,MySuper,7.04,3.14,2.58,1.66,1.37,1.02,12.81,68.07
Aware Super,Balanced Socially Conscious,Ethical,0.17,1.39,0.09,0.0,0.96,0.06,2.65,61.79
Aware Super,High Growth Socially Conscious,Ethical,0.21,1.65,0.11,0.0,1.13,0.07,3.15,71.36
Aware Super,MySuper Lifecycle (under 55),MySuper,4.99,2.81,2.39,1.15,1.14,1.26,10.86,70.22
CareSuper,Sustainable Balanced,Ethical,2.62,1.27,1.96,0.05,0.37,0.02,3.91,57.1
CareSuper,MySuper Balanced,MySuper,4.69,1.91,2.01,1.16,1.37,0.42,8.9,56.97
Cbus,MySuper Growth,MySuper,4.11,2.17,1.99,1.13,1.03,0.73,8.87,59.41
Colonial First State,Thrive+ Sustainable Growth,Ethical,1.4,3.64,0.0,0.0,0.49,0.0,4.12,79.24
Colonial First State,MySuper Lifestage 2005-2009,MySuper,8.45,2.18,3.77,1.1,1.57,1.25,13.53,93.01
HESTA,MySuper Balanced Growth,MySuper,4.58,2.45,2.11,0.86,1.16,0.61,9.11,62.69
HESTA,Sustainable Growth,Ethical,0.38,2.08,0.39,0.2,1.35,0.19,4.44,67.59
Hostplus,MySuper Balanced,MySuper,4.03,0.96,1.44,1.28,1.09,0.14,6.83,49.73
Hostplus,Socially Responsible Balanced,Ethical,0.02,1.26,0.02,0.0,0.46,0.0,1.74,55.86
Hostplus,Socially Responsible High Growth,Ethical,0.03,2.11,0.04,0.0,0.77,0.0,2.91,86.58
Mercer Super,MySuper SmartPath 1964-68,MySuper,5.69,2.36,2.64,1.06,1.5,0.54,10.54,62.73
Mercer Super,Sustainable High Growth,Ethical,2.6,4.62,0.75,0.0,3.5,0.52,11.39,84.84
MLC,MySuper Growth (under 55),MySuper,6.22,2.68,3.35,1.0,1.62,0.92,11.62,72.65
MLC,Socially Responsible Growth,Ethical,7.25,3.41,3.67,0.0,1.87,0.78,12.7,87.79
Rest,MySuper Growth,MySuper,5.92,2.19,2.47,1.17,1.34,0.82,10.88,65.48
Rest,Sustainable Growth,Ethical,0.19,0.69,0.33,0.25,1.39,0.49,3.06,78.35
UniSuper,MySuper Balanced,MySuper,2.35,2.23,0.61,1.38,0.69,0.88,7.01,80.47
UniSuper,Sustainable Balanced,Ethical,0.18,2.29,0.43,0.0,1.81,0.17,4.53,89.97
UniSuper,Sustainable High Growth,Ethical,0.14,3.12,0.62,0.0,2.55,0.22,6.17,95.39
Vanguard Super,MySuper Lifecycle (High Growth),MySuper,5.4,3.73,1.18,1.35,2.03,0.86,12.26,92.62
Vanguard Super,Ethically Conscious Growth,Ethical,0.15,2.76,0.77,0.0,1.13,0.02,4.54,98.32
