economy,time,Country,Time,SP.DYN.LE00.IN
DEU,2022,Germany,2022,80.6080487804878
DEU,2021,Germany,2021,80.790243902439
DEU,2020,Germany,2020,81.0414634146342
DEU,2019,Germany,2019,81.2926829268293
DEU,2018,Germany,2018,80.8926829268293
DEU,2017,Germany,2017,80.9926829268293
DEU,2016,Germany,2016,80.990243902439
DEU,2015,Germany,2015,80.6414634146341
DEU,2014,Germany,2014,81.090243902439
DEU,2013,Germany,2013,80.490243902439
DEU,2012,Germany,2012,80.5390243902439
DEU,2011,Germany,2011,80.4365853658537
DEU,2010,Germany,2010,79.9878048780488
DEU,2009,Germany,2009,79.8365853658537
DEU,2008,Germany,2008,79.7365853658537
DEU,2007,Germany,2007,79.5341463414634
DEU,2006,Germany,2006,79.1317073170732
DEU,2005,Germany,2005,78.9317073170732
DEU,2004,Germany,2004,78.6804878048781
DEU,2003,Germany,2003,78.3804878048781
DEU,2002,Germany,2002,78.2292682926829
DEU,2001,Germany,2001,78.3292682926829
DEU,2000,Germany,2000,77.9268292682927
DEU,1999,Germany,1999,77.7268292682927
DEU,1998,Germany,1998,77.4756097560976
DEU,1997,Germany,1997,77.0731707317073
DEU,1996,Germany,1996,76.6731707317073
DEU,1995,Germany,1995,76.4219512195122
DEU,1994,Germany,1994,76.2707317073171
DEU,1993,Germany,1993,75.8707317073171
DEU,1992,Germany,1992,75.819512195122
DEU,1991,Germany,1991,75.319512195122
DEU,1990,Germany,1990,75.0856341463415
JPN,2022,Japan,2022,83.9963414634146
JPN,2021,Japan,2021,84.4456097560976
JPN,2020,Japan,2020,84.56
JPN,2019,Japan,2019,84.3563414634146
JPN,2018,Japan,2018,84.2109756097561
JPN,2017,Japan,2017,84.099756097561
JPN,2016,Japan,2016,83.9848780487805
JPN,2015,Japan,2015,83.7939024390244
JPN,2014,Japan,2014,83.5878048780488
JPN,2013,Japan,2013,83.3319512195122
JPN,2012,Japan,2012,83.0960975609756
JPN,2011,Japan,2011,82.5912195121951
JPN,2010,Japan,2010,82.8426829268293
JPN,2009,Japan,2009,82.9314634146342
JPN,2008,Japan,2008,82.5875609756098
JPN,2007,Japan,2007,82.5070731707317
JPN,2006,Japan,2006,82.3219512195122
JPN,2005,Japan,2005,81.9551219512195
JPN,2004,Japan,2004,82.030243902439
JPN,2003,Japan,2003,81.76
JPN,2002,Japan,2002,81.6907317073171
JPN,2001,Japan,2001,81.4163414634146
JPN,2000,Japan,2000,81.0760975609756
JPN,1999,Japan,1999,80.4609756097561
JPN,1998,Japan,1998,80.5014634146342
JPN,1997,Japan,1997,80.4241463414634
JPN,1996,Japan,1996,80.219756097561
JPN,1995,Japan,1995,79.5360975609756
JPN,1994,Japan,1994,79.6968292682927
JPN,1993,Japan,1993,79.3036585365854
JPN,1992,Japan,1992,79.080243902439
JPN,1991,Japan,1991,79.0368292682927
JPN,1990,Japan,1990,78.8370731707317
NGA,2022,Nigeria,2022,54.079
NGA,2021,Nigeria,2021,53.455
NGA,2020,Nigeria,2020,53.072
NGA,2019,Nigeria,2019,53.009
NGA,2018,Nigeria,2018,52.669
NGA,2017,Nigeria,2017,52.397
NGA,2016,Nigeria,2016,52.189
NGA,2015,Nigeria,2015,51.939
NGA,2014,Nigeria,2014,51.94
NGA,2013,Nigeria,2013,51.827
NGA,2012,Nigeria,2012,51.688
NGA,2011,Nigeria,2011,51.49
NGA,2010,Nigeria,2010,51.315
NGA,2009,Nigeria,2009,51.08
NGA,2008,Nigeria,2008,50.748
NGA,2007,Nigeria,2007,50.381
NGA,2006,Nigeria,2006,49.876
NGA,2005,Nigeria,2005,49.538
NGA,2004,Nigeria,2004,49.148
NGA,2003,Nigeria,2003,48.618
NGA,2002,Nigeria,2002,48.02
NGA,2001,Nigeria,2001,47.549
NGA,2000,Nigeria,2000,47.143
NGA,1999,Nigeria,1999,46.609
NGA,1998,Nigeria,1998,46.148
NGA,1997,Nigeria,1997,45.96
NGA,1996,Nigeria,1996,45.833
NGA,1995,Nigeria,1995,45.87
NGA,1994,Nigeria,1994,45.748
NGA,1993,Nigeria,1993,45.783
NGA,1992,Nigeria,1992,45.587
NGA,1991,Nigeria,1991,45.483
NGA,1990,Nigeria,1990,45.733
BRA,2022,Brazil,2022,74.872
BRA,2021,Brazil,2021,73.038
BRA,2020,Brazil,2020,74.506
BRA,2019,Brazil,2019,75.809
BRA,2018,Brazil,2018,75.633
BRA,2017,Brazil,2017,75.383
BRA,2016,Brazil,2016,75.081
BRA,2015,Brazil,2015,75.106
BRA,2014,Brazil,2014,74.823
BRA,2013,Brazil,2013,74.609
BRA,2012,Brazil,2012,74.335
BRA,2011,Brazil,2011,74.047
BRA,2010,Brazil,2010,73.779
BRA,2009,Brazil,2009,73.457
BRA,2008,Brazil,2008,73.111
BRA,2007,Brazil,2007,72.73
BRA,2006,Brazil,2006,72.296
BRA,2005,Brazil,2005,71.832
BRA,2004,Brazil,2004,71.361
BRA,2003,Brazil,2003,70.884
BRA,2002,Brazil,2002,70.396
BRA,2001,Brazil,2001,69.98
BRA,2000,Brazil,2000,69.584
BRA,1999,Brazil,1999,69.211
BRA,1998,Brazil,1998,68.848
BRA,1997,Brazil,1997,68.505
BRA,1996,Brazil,1996,68.108
BRA,1995,Brazil,1995,67.701
BRA,1994,Brazil,1994,67.293
BRA,1993,Brazil,1993,66.892
BRA,1992,Brazil,1992,66.539
BRA,1991,Brazil,1991,66.203
BRA,1990,Brazil,1990,65.862
IND,2022,India,2022,71.698
IND,2021,India,2021,67.282
IND,2020,India,2020,70.156
IND,2019,India,2019,70.746
IND,2018,India,2018,70.415
IND,2017,India,2017,70.068
IND,2016,India,2016,69.709
IND,2015,India,2015,69.326
IND,2014,India,2014,68.932
IND,2013,India,2013,68.499
IND,2012,India,2012,68.076
IND,2011,India,2011,67.623
IND,2010,India,2010,67.162
IND,2009,India,2009,66.7
IND,2008,India,2008,66.247
IND,2007,India,2007,65.803
IND,2006,India,2006,65.373
IND,2005,India,2005,64.939
IND,2004,India,2004,64.484
IND,2003,India,2003,64.086
IND,2002,India,2002,63.649
IND,2001,India,2001,63.158
IND,2000,India,2000,62.749
IND,1999,India,1999,62.284
IND,1998,India,1998,61.852
IND,1997,India,1997,61.439
IND,1996,India,1996,61.027
IND,1995,India,1995,60.63
IND,1994,India,1994,60.237
IND,1993,India,1993,59.823
IND,1992,India,1992,59.445
IND,1991,India,1991,59.032
IND,1990,India,1990,58.618
CHN,2022,China,2022,78.202
CHN,2021,China,2021,78.117
CHN,2020,China,2020,78.019
CHN,2019,China,2019,77.94
CHN,2018,China,2018,77.709
CHN,2017,China,2017,77.235
CHN,2016,China,2016,77.214
CHN,2015,China,2015,76.975
CHN,2014,China,2014,76.714
CHN,2013,China,2013,76.452
CHN,2012,China,2012,76.2
CHN,2011,China,2011,75.889
CHN,2010,China,2010,75.668
CHN,2009,China,2009,75.317
CHN,2008,China,2008,74.833
CHN,2007,China,2007,74.789
CHN,2006,China,2006,74.404
CHN,2005,China,2005,74.085
CHN,2004,China,2004,73.727
CHN,2003,China,2003,73.385
CHN,2002,China,2002,73.034
CHN,2001,China,2001,72.675
CHN,2000,China,2000,72.288
CHN,1999,China,1999,71.952
CHN,1998,China,1998,71.601
CHN,1997,China,1997,71.227
CHN,1996,China,1996,70.823
CHN,1995,China,1995,70.363
CHN,1994,China,1994,69.835
CHN,1993,China,1993,69.492
CHN,1992,China,1992,69.059
CHN,1991,China,1991,68.61
CHN,1990,China,1990,68.155
USA,2022,United States,2022,77.4341463414634
USA,2021,United States,2021,76.3292682926829
USA,2020,United States,2020,76.9804878048781
USA,2019,United States,2019,78.7878048780488
USA,2018,United States,2018,78.6390243902439
USA,2017,United States,2017,78.5390243902439
USA,2016,United States,2016,78.5390243902439
USA,2015,United States,2015,78.690243902439
USA,2014,United States,2014,78.8414634146341
USA,2013,United States,2013,78.7414634146342
USA,2012,United States,2012,78.7414634146342
USA,2011,United States,2011,78.6414634146341
USA,2010,United States,2010,78.5414634146342
USA,2009,United States,2009,78.390243902439
USA,2008,United States,2008,78.0390243902439
USA,2007,United States,2007,77.9878048780488
USA,2006,United States,2006,77.6878048780488
USA,2005,United States,2005,77.4878048780488
USA,2004,United States,2004,77.4878048780488
USA,2003,United States,2003,77.0365853658537
USA,2002,United States,2002,76.9365853658537
USA,2001,United States,2001,76.8365853658537
USA,2000,United States,2000,76.6365853658537
USA,1999,United States,1999,76.5829268292683
USA,1998,United States,1998,76.5804878048781
USA,1997,United States,1997,76.4292682926829
USA,1996,United States,1996,76.0268292682927
USA,1995,United States,1995,75.6219512195122
USA,1994,United States,1994,75.619512195122
USA,1993,United States,1993,75.419512195122
USA,1992,United States,1992,75.6170731707317
USA,1991,United States,1991,75.3658536585366
USA,1990,United States,1990,75.2146341463415
